score,verdict,title,company,location,tier,salary,source,url,reasoning,date_posted
0,"","Audio Visual Field Engineer","Baiken Media LLC","Boston, MA","","67K–115K a year",brightdata_google_jobs,https://www.google.com/search?ibp=htl;jobs&q=audiovisual+technician+audiovisual+engineer+AV+systems+engineer+Boston&htidocid=mEYZjF37r1v8F1KRAAAAAA%3D%3D&hl=en-US&shem=rimspc&shndl=37&shmd=H4sIAAAAAAAA_xXEsQrCQAwAUFz7CQ6SWfROCi46taKCtKtrSdtwjZ5Jaa7Q3_CPxTe87LvK8mLuWeHJNmOEG1Ps4SqBhWiCPTy0BSOcugFU4K4aIq3PQ0qjnbw3iy5YwsSd6_TjVajVxb-0tX-NDTjRGDFRkx8PixslbDcl8psEauoZoaouwAKlWlLZQV38ABfjxI2UAAAA&shmds=v1_ATWGeePOoEt1BhkKHGyaEdrfnVkq_fylFK-cJCT2yQOcExhTDw&source=sh/x/job/li/m1/1#fpstate=tldetail&htivrt=jobs&htiq=audiovisual+technician+audiovisual+engineer+AV+systems+engineer+Boston&htidocid=mEYZjF37r1v8F1KRAAAAAA%3D%3D,"",""
0,"","Freelance Audio Visual Technician","A-V Services Inc.","Boston, MA","","35–40 an hour",brightdata_google_jobs,https://www.google.com/search?ibp=htl;jobs&q=audiovisual+technician+audiovisual+engineer+AV+systems+engineer+Boston&htidocid=57YCgqWudPVRDuYAAAAAAA%3D%3D&hl=en-US&shem=rimspc&shndl=37&shmd=H4sIAAAAAAAA_xXEsQrCMBAAUFz7CS7eLDYRQRCd6qAoOCldS3oeSSTelVwq_RQ_V3zDq76zanfKRMkxEjTjMwq0UUeX4EEYOGJ0DDVcpQcllzGAMJxFfKL5IZQy6N5a1WS8FlciGpS3FaZeJvuSXv91GlymIblC3Wa7nszAfrlo6hbulD8RSeHCaCAyHEWL8ApuzQ9MkUBamwAAAA&shmds=v1_ATWGeeM1zujayLOcX2RBcNlMhzK_WWFdsKHt5ZzcNm7Vvg9hQQ&source=sh/x/job/li/m1/1#fpstate=tldetail&htivrt=jobs&htiq=audiovisual+technician+audiovisual+engineer+AV+systems+engineer+Boston&htidocid=57YCgqWudPVRDuYAAAAAAA%3D%3D,"","17 days ago"
0,"","(KVL - Boston/Cambridge) Audio Visual Technician (On-Call)","KVL Audio Visual Services","Cambridge, MA","","",brightdata_google_jobs,https://www.google.com/search?ibp=htl;jobs&q=audiovisual+technician+audiovisual+engineer+AV+systems+engineer+Boston&htidocid=yiDa24YraXkygcr9AAAAAA%3D%3D&hl=en-US&shem=rimspc&shndl=37&shmd=H4sIAAAAAAAA_1WOuwrCMBRAce0nON2xFduI4KJT7SD4QETpWtL0kkbS3JKbSj_Oj9MugsvZDudE71l0i0_lGVLYEwdyopBd7U2jMYF8aAxBaXiQFh6oWmeUkQ7iq0sLaW3ytY5UA6P0qgVycCDSFue7NoSet0Iw20xzkMGoTFEnyGFNo3hSzRMqbqXH3sqA1XqzGrPe6cVi2vlL39G_jEIG4-C3t4RL_gEgyY9zvwAAAA&shmds=v1_ATWGeeMEvTN5b4ruTpAdBgoDMexIU2dE2y3x7WBpEVAZGmZPQQ&source=sh/x/job/li/m1/1#fpstate=tldetail&htivrt=jobs&htiq=audiovisual+technician+audiovisual+engineer+AV+systems+engineer+Boston&htidocid=yiDa24YraXkygcr9AAAAAA%3D%3D,"",""
0,"","Freelance Audio-Visual Technician Job at A-V Services, Inc. in Boston","A-V Services, Inc.","Boston, MA","","",brightdata_google_jobs,https://www.google.com/search?ibp=htl;jobs&q=audiovisual+technician+audiovisual+engineer+AV+systems+engineer+Boston&htidocid=6sIGA7u4wvnujNjsAAAAAA%3D%3D&hl=en-US&shem=rimspc&shndl=37&shmd=H4sIAAAAAAAA_32NOwrCQBBAsfUIVlNLsiuCjVaxUBSslFRCmKxDdmWdCTsbyeW8m58D2Dx48OBNX5PpdZeIIrIjqIZbkLIOOmCECznPwQVkOEoLmKEqazhTegZHWsCBnYHAsBXNwlD-KiVMzsPH9yJdpNnG59zr2lrVaDrNmIMzTh5WmFoZ7V1a_aJRj4n6iJma5Woxmp67-d9jAafqDW6DcMjAAAAA&shmds=v1_ATWGeeO9TuLaRLh_4yDeTz7u8mKIv8yyQsVvuKfDLIjkqzJeOQ&source=sh/x/job/li/m1/1#fpstate=tldetail&htivrt=jobs&htiq=audiovisual+technician+audiovisual+engineer+AV+systems+engineer+Boston&htidocid=6sIGA7u4wvnujNjsAAAAAA%3D%3D,"","2 days ago"
0,"","AUDIO VISUAL TECHNICIAN (ON CALL)","Eurest","Boston, MA","","40 an hour",brightdata_google_jobs,https://www.google.com/search?ibp=htl;jobs&q=audiovisual+technician+audiovisual+engineer+AV+systems+engineer+Boston&htidocid=mQfkU1lOLCavVKDtAAAAAA%3D%3D&hl=en-US&shem=rimspc&shndl=37&shmd=H4sIAAAAAAAA_xXEsQrCMBAAUFw7OzndqKKNCILoFGvRSG2HWteShtBUYq70TuhP-M_iG170nUR7WZ1VAU9VVjKDR5pcc5UomcO8yCGRWbaANdywAbJ6MA4wwAWx9XZ2dMw9HYQg8nFLrLkzscG3wGAbHMULG_pXk9OD7b1mW293mzHuQ7ucpp_BEkMX4ITEGFZwlz9UypFrkAAAAA&shmds=v1_ATWGeeOROQ0PIpxobXZSrOnFfNA5doed27r-THXyyL76muvoUw&source=sh/x/job/li/m1/1#fpstate=tldetail&htivrt=jobs&htiq=audiovisual+technician+audiovisual+engineer+AV+systems+engineer+Boston&htidocid=mQfkU1lOLCavVKDtAAAAAA%3D%3D,"","11 days ago"
0,"","AV Commissioning Specialist","TEKsystems","Boston, MA","","35–48 an hour",brightdata_google_jobs,https://www.google.com/search?ibp=htl;jobs&q=audiovisual+technician+audiovisual+engineer+AV+systems+engineer+Boston&htidocid=FAS7xKd-WVpkKPC0AAAAAA%3D%3D&hl=en-US&shem=rimspc&shndl=37&shmd=H4sIAAAAAAAA_xXEsQrCMBAAUFz7BeJ0s2gjBRedqoigOCmuJQ1HeiW5C70b6jf40-IbXvVdVE37hrPkTKokTBzhWTCQT6QGW7hJD4p-CgMIw1UkJlwdB7OiB-dUUx3VvFGog2QnjL3MbpRe_3U6-AlL8oZds9_NdeG4Xr4ud_2oYVYghpOoCW_g0f4Ayq050Y4AAAA&shmds=v1_ATWGeeP02UVxrv-uPhMb68eYETXKoArdojIRsrhj39mUBORrOA&source=sh/x/job/li/m1/1#fpstate=tldetail&htivrt=jobs&htiq=audiovisual+technician+audiovisual+engineer+AV+systems+engineer+Boston&htidocid=FAS7xKd-WVpkKPC0AAAAAA%3D%3D,"","6 days ago"
0,"","On-Site Audio-Visual Service Technician - Boston, MA at Diversified Boston, MA","Diversified","Boston, MA","","",brightdata_google_jobs,https://www.google.com/search?ibp=htl;jobs&q=audiovisual+technician+audiovisual+engineer+AV+systems+engineer+Boston&htidocid=j_uqPDZbLzdd_Y9cAAAAAA%3D%3D&hl=en-US&shem=rimspc&shndl=37&shmd=H4sIAAAAAAAA_03NsQrCMBCAYVz7BjrdLKYRwUWniiAI4lBxLWl6NicxV3rX0rfz1cSty7_8w5d9FxnekylJEYqhITZPksFFKLEfySM80IdEnlwCAycW5bSBWwFO4Uwj9kIvwmZ-DFy5BkHX-wCc4MLcRlwdg2onB2tFYt6KOiWfe_5YTljzZN9cyz-VBNdjF51itdtvp7xL7Xo5tyjNuB9DaoqwwgAAAA&shmds=v1_ATWGeeOv3ulJVhdRYAHrZRMa-z_aZxYxGTSL_wx25NzN8ae5QA&source=sh/x/job/li/m1/1#fpstate=tldetail&htivrt=jobs&htiq=audiovisual+technician+audiovisual+engineer+AV+systems+engineer+Boston&htidocid=j_uqPDZbLzdd_Y9cAAAAAA%3D%3D,"","24 days ago"
0,"","AV Technician, Investments Technology","Liberty Mutual","Boston, MA","","",brightdata_google_jobs,https://www.google.com/search?ibp=htl;jobs&q=audiovisual+technician+audiovisual+engineer+AV+systems+engineer+Boston&htidocid=lNoVUPwOf4j49ZnZAAAAAA%3D%3D&hl=en-US&shem=rimspc&shndl=37&shmd=H4sIAAAAAAAA_yXOsQrCMBCAYVz7COJws2gjgou61EUUu4lrScKRRNK70rtK-yi-rYrLP3zTX7xnxbF6wB19pOSTpRVc6IWiLZLK3zlzmGANV3YgaHsfgQnOzCHj_BBVO9kbI5LLIGo1-dJza5jQ8Wie7OSXRqLtsctWsdnuNmPZUVgubslhrxPUgw42QyI4sSh_L-rqA6cNtU-cAAAA&shmds=v1_ATWGeeMWXx1I4flW26pxRrR9kmx1wwYPRA5DpwDvQWJ3UOoogQ&source=sh/x/job/li/m1/1#fpstate=tldetail&htivrt=jobs&htiq=audiovisual+technician+audiovisual+engineer+AV+systems+engineer+Boston&htidocid=lNoVUPwOf4j49ZnZAAAAAA%3D%3D,"",""
0,"","AV Systems Integration Specialist","Fusco Personnel, Inc.","Boston, MA","","40–48 an hour",brightdata_google_jobs,https://www.google.com/search?ibp=htl;jobs&q=audiovisual+technician+audiovisual+engineer+AV+systems+engineer+Boston&htidocid=J6zrx4p6zMUfQBI5AAAAAA%3D%3D&hl=en-US&shem=rimspc&shndl=37&shmd=H4sIAAAAAAAA_xWNsQrCMBBAce0nOB24SU1EEESnOigKglBwLWk40kh6F3In6L_4sdblLY_Hq76zatc8oP2I4ihwIcVQnEYmaDP66FIUhRVcuQdBV_wAkzozh4Tzw6CaZW-tSDJBdOq88TxaJuz5bZ_cyx-dDK5gTk6x22zXb5MpLBenl3iGOxZhIkz1NPcGIsGRRZlquDU_RIP6bp8AAAA&shmds=v1_ATWGeeNfFtLLba5wbJt1owrjb462K0EK2u_btl5ANr9_gVkWVA&source=sh/x/job/li/m1/1#fpstate=tldetail&htivrt=jobs&htiq=audiovisual+technician+audiovisual+engineer+AV+systems+engineer+Boston&htidocid=J6zrx4p6zMUfQBI5AAAAAA%3D%3D,"",""
0,"","AV Commissioning Specialist – (Greater Boston)","TEKsystems","Massachusetts","","93,892 a year",brightdata_google_jobs,https://www.google.com/search?ibp=htl;jobs&q=audiovisual+technician+audiovisual+engineer+AV+systems+engineer+Boston&htidocid=09qgk4dgdzpVsMV0AAAAAA%3D%3D&hl=en-US&shem=rimspc&shndl=37&shmd=H4sIAAAAAAAA_xXMMQrCQBAFUGxzBG2mVMGsCDZaqUhAsVJsw2YZNivJTtg_Quy8g0fwZp5EbV75svcgKzZX2knbBiBIDNHTuWMXbBOg9Hm-aFwktsqJtgKVOKEZHaQisE2uJolUiPiGh-tatcPKGKDJPdRqcLmT1kjkSnpzkwp_StQ2cdf8znKxnPd5F_10dNkf8YByCwqRThawrr6DVfEFvR6oOaYAAAA&shmds=v1_ATWGeeMnicyaqhskEKlEpOiLT-KYbc6hSeP00KiyxHsEJCvPiA&source=sh/x/job/li/m1/1#fpstate=tldetail&htivrt=jobs&htiq=audiovisual+technician+audiovisual+engineer+AV+systems+engineer+Boston&htidocid=09qgk4dgdzpVsMV0AAAAAA%3D%3D,"","8 days ago"
0,"","Audio Visual Design Engineer","Cti","Los Angeles, CA","","75K–130K a year",brightdata_google_jobs,https://jobright.ai/jobs/info/6986abb78ca8121a3a690693?utm_campaign=google_jobs_apply&utm_source=google_jobs_apply&utm_medium=organic,"","13 days ago"
0,"","Event Technician, Audio Visual (Part-Time) - Los Angeles Airport, Marriott","Encore Global","Los Angeles, CA","","23–24 an hour",brightdata_google_jobs,https://www.talentify.io/job/event-technician-audi-visual-part-time-los-angeles-airport-marriott-los-angeles-california-us-encore-global-templ040953?utm_campaign=google_jobs_apply&utm_source=google_jobs_apply&utm_medium=organic,"","10 days ago"
0,"","Audio Visual Technician Los Angle, CA​/Mountain View, CA​/NYC, NY​/Hous","Excelon Solutions","Los Angeles, CA","","",brightdata_google_jobs,https://www.learn4good.com/jobs/los-angeles/california/info_technology/4880071038/e/?utm_campaign=google_jobs_apply&utm_source=google_jobs_apply&utm_medium=organic,"","2 days ago"
0,"","Audio Visual Systems Designer","IGI","Los Alamitos, CA","","",brightdata_google_jobs,https://www.werigi.com/igi-audio-visual-systems-designer-california-job-listing?utm_campaign=google_jobs_apply&utm_source=google_jobs_apply&utm_medium=organic,"",""
0,"","Audio Visual Design Engineer","IGI","Los Alamitos, CA","","",brightdata_google_jobs,https://www.werigi.com/audio-visual-design-engineer-los-alamitos-ca?utm_campaign=google_jobs_apply&utm_source=google_jobs_apply&utm_medium=organic,"",""
0,"","A/V Technical Operations Engineer II (Programmer)","COA ASSOCIATES LLC","Los Angeles, CA","","",brightdata_google_jobs,https://builtin.com/job/competitive-operations-ii/7927968?utm_campaign=google_jobs_apply&utm_source=google_jobs_apply&utm_medium=organic,"",""
0,"","AutoCAD Specialist - Broadcast AV System Engineer","ATHENAWORKS LLC","Los Angeles, CA","","",brightdata_google_jobs,https://us.jobrapido.com/jobpreview/6260779902610440192?utm_campaign=google_jobs_apply&utm_source=google_jobs_apply&utm_medium=organic,"",""
0,"","Audio / Visual Sales Engineer","VirtualVocations","Inglewood, CA (+1 other)","","",brightdata_google_jobs,https://www.talent.com/view?id=3d8cc041392a&utm_campaign=google_jobs_apply&utm_source=google_jobs_apply&utm_medium=organic,"","7 days ago"
0,"","Audio Visual Integration Technician","CTI","West Los Angeles, CA","","",brightdata_google_jobs,https://us.bebee.com/job/e47778fce7d61b91081513124255200e?utm_campaign=google_jobs_apply&utm_source=google_jobs_apply&utm_medium=organic,"","9 days ago"
0,"","Enterprise Audiovisual Programmer","The Aerospace Corporation","El Segundo, CA","","",brightdata_google_jobs,https://clearedjobs.net/job/enterprise-audiovisual-programmer-el-segundo-california-1839444?utm_campaign=google_jobs_apply&utm_source=google_jobs_apply&utm_medium=organic,"",""
0,"","AV Systems Engineer","Visual Sound Inc","Garden Grove, CA","","",brightdata_google_jobs,https://jobs.womenforhire.com/job/usa/garden-grove-ca/av-systems-engineer-658047/?utm_campaign=google_jobs_apply&utm_source=google_jobs_apply&utm_medium=organic,"","2 days ago"
0,"","Audio Visual Technician","Howard Community College","Columbia, MD","","",brightdata_google_jobs,https://career.io/job/audio-visual-technician-columbia-howard-community-college-9f8f36a684a8eb200aa676861c27237e?utm_campaign=google_jobs_apply&utm_source=google_jobs_apply&utm_medium=organic,"",""
0,"","Audiovisual Support Engineer, School of Law","UVA Health","Charlottesville, VA","","",brightdata_google_jobs,https://careers.uvahealth.org/us/en/job/R0078711/Audiovisual-Support-Engineer-School-of-Law?utm_campaign=google_jobs_apply&utm_source=google_jobs_apply&utm_medium=organic,"","20 days ago"
0,"","Technical Service Engineer-Audio Visual System Integration","Cenero, LLC","Charlotte, NC","","",brightdata_google_jobs,https://diversityjobs.com/career/13696567/Technical-Service-Engineer-Audio-Visual-System-Integration-North-Carolina-Charlotte?utm_campaign=google_jobs_apply&utm_source=google_jobs_apply&utm_medium=organic,"",""
0,"","Audio-Visual Project Engineer","Bluum USA, Inc.","Des Moines, IA","","",brightdata_google_jobs,https://jobright.ai/jobs/info/697bbec40b88cc7d64228b05?utm_campaign=google_jobs_apply&utm_source=google_jobs_apply&utm_medium=organic,"",""
0,"","Audio Visual (AV) Technician","Input Technology Solutions","Washington, DC","","",brightdata_google_jobs,https://jobs.ksnt.com/jobs/audio-visual-av-technician-washington-washington-dc/2589205443-2/?utm_campaign=google_jobs_apply&utm_source=google_jobs_apply&utm_medium=organic,"",""
0,"","AV Engineer","American Place Casino - Waukegan, IL","Waukegan, IL","","60K–97.5K a year",brightdata_google_jobs,https://salutemyjob.com/jobs/av-engineer-waukegan-illinois/2607350710-2/?utm_campaign=google_jobs_apply&utm_source=google_jobs_apply&utm_medium=organic,"","26 days ago"
0,"","Audio Visual Systems Engineer at Auburn University Auburn, WA","Auburn University","Auburn, WA","","",brightdata_google_jobs,https://primerehabsolutions.com/vacancy/job/audio-visual-systems-engineer-at-auburn-university-auburn-wa-UXZhamJoUGdoRE8vNVdIMXdhcDV4bldTMFE9PQ==?utm_campaign=google_jobs_apply&utm_source=google_jobs_apply&utm_medium=organic,"","25 days ago"
0,"","Audio Video Engineering","All Around technology","Washington, DC","","",brightdata_google_jobs,https://www.indeed.com/viewjob?jk=c3a3463199ba14ef&utm_campaign=google_jobs_apply&utm_source=google_jobs_apply&utm_medium=organic,"",""
0,"","Audio Visual Systems Engineer","St. Charles Community College","St Peters, MO","","",brightdata_google_jobs,https://lensa.com/job-v1/st-charles-community-college/st-peters-mo/audio-visual-engineer/3eebd7dc5a45a62f4d03dc0146f614d1?utm_campaign=google_jobs_apply&utm_source=google_jobs_apply&utm_medium=organic,"",""
0,"","Lead Audio Visual Field Technician","EOS IT Company","Vancouver, WA","","",brightdata_google_jobs,https://jobs.ksnt.com/jobs/lead-audio-visual-field-technician-vancouver-washington/2612557597-2/?utm_campaign=google_jobs_apply&utm_source=google_jobs_apply&utm_medium=organic,"","11 days ago"
0,"","Lead Audio Visual Field Technician","EOS","Seattle, WA","","80K–110K a year",brightdata_google_jobs,https://www.energyjobline.com/job/lead-audio-visual-field-technician-seattle-28840421?utm_campaign=google_jobs_apply&utm_source=google_jobs_apply&utm_medium=organic,"",""
0,"","Tier 2 AV Support Engineer","Continuant Careers","Fife, WA","","5.5K–7.5K a month",brightdata_google_jobs,https://us.bebee.com/job/1f6cac85003bf91b6f03eace88b91e76?utm_campaign=google_jobs_apply&utm_source=google_jobs_apply&utm_medium=organic,"","7 days ago"
0,"","Onsite Audio Visual Support Technician","OfficePro","Seattle, WA","","50K–75K a year",brightdata_google_jobs,https://www.jobleads.com/us/job/onsite-audio-visual-support-technician-seattle-wa--seattle--e1677ae36291f7d0347190bfd8771c3d1?utm_campaign=google_jobs_apply&utm_source=google_jobs_apply&utm_medium=organic,"","6 days ago"
0,"","Audio-Visual (AV) Technician 1 at ilani Ridgefield, WA","ilani","Ridgefield, WA","","",brightdata_google_jobs,https://brooklynhealthpt.com/work/job/audio-visual-av-technician-1-at-ilani-ridgefield-wa-Qlk4REhOVDVKc2xJVE5rY2w3ek5NN0l3eUE9PQ==?utm_campaign=google_jobs_apply&utm_source=google_jobs_apply&utm_medium=organic,"","21 days ago"
0,"","AV Programmer","Team LINX","Seattle, WA","","80K–120K a year",brightdata_google_jobs,https://www.jobtarget.com/jobs/jt-w878gkob0t/av-programmer-seattle-washington?utm_campaign=google_jobs_apply&utm_source=google_jobs_apply&utm_medium=organic,"",""
0,"","av tech i","Compass Group","Redmond, WA","","",brightdata_google_jobs,https://us.bebee.com/job/ba305df16ae75c5b7e448f3a65f23e9a?utm_campaign=google_jobs_apply&utm_source=google_jobs_apply&utm_medium=organic,"",""
0,"","Audio/Video Designer II (Seattle / Vancouver / Spokane)","Greenbusch Group","Seattle, WA","","",brightdata_google_jobs,https://www.indeed.com/viewjob?jk=f4ccc82f72814e65&utm_campaign=google_jobs_apply&utm_source=google_jobs_apply&utm_medium=organic,"",""
0,"","AV Field Engineer: Install, Calibrate & On-Site Support","reserved Lester Hamilton","Renton, WA","","80K–100K a year",brightdata_google_jobs,https://www.learn4good.com/jobs/renton/washington/skilled_labor/4865522349/e/?utm_campaign=google_jobs_apply&utm_source=google_jobs_apply&utm_medium=organic,"","8 days ago"
