fit_tier,fit_score,name,city,state,category,relationship,website,fit_reasoning,gear_mentioned
"HOT",98,"Careers","","","av_rental","new_prospect",https://avchicago.com/careers/,"AV Chicago is an excellent prospect for Eric, offering a perfect alignment in company type, event scale, work type, and gear, with a strong need for his high-level A1 and RF coordination expertise in ",""
"HOT",98,"Metro Sound & Lighting","","","av_rental","new_prospect",https://www.metrosoundlighting.com/,"Metro Sound & Lighting is a Chicago-based AV production and rental company with an inventory and event scope that perfectly aligns with Eric's A1 and RF coordination expertise, making them an ideal fr",""
"HOT",98,"Audio Visual One","","","production_co","new_prospect",https://www.audiovisualone.com/,"Audio Visual One is an ideal freelance prospect, being a national production company with a Chicago office that specializes in large-scale corporate and concert events, and utilizes Eric's exact prefe",""
"HOT",95,"Full Service AV and Staging for Your Next Event","","","av_rental","new_prospect",https://vantagepg.com/,"Vantage Point Group is an outstanding prospect due to perfect gear alignment, a focus on high-end corporate AV events matching Eric's expertise, and a geographic presence that aligns well with his tra",""
"HOT",95,"Chicago Illinois","","","av_rental","new_prospect",https://www.seamlessevents.com/chicago/,"Excellent fit for Eric's high-end corporate A1 and RF coordination skills with a national AV production company based locally in Chicago.",""
"HOT",95,"Audio-Visions","","","av_rental","new_prospect",https://audio-visions.com/,"Audio-Visions is a Chicago-based full-service AV production and rental company with an inventory and client base that perfectly aligns with Eric's high-level A1 and RF coordination expertise across co",""
"HOT",95,"Midwest Music Supply","","","av_rental","new_prospect",https://www.midwestmusicsupply.com/,"Midwest Music Supply is an excellent prospect for Eric, offering strong alignment in location, event types, and high-end audio gear, making them an ideal client for his A1 and RF coordination expertis",""
"HOT",95,"Audio Services","","","av_rental","new_prospect",https://vantagepg.com/corporate-av/audio/,"Excellent fit for Eric's A1 and RF coordination skills, with strong geographic alignment (Chicago office) and direct overlap with their listed L'Acoustics and Shure Axient Digital gear.",""
"HOT",95,"Chicago Live Sound","","","production_co","new_prospect",https://chicagolivesound.com/,"Chicago Live Sound is a local, full-service production company with an excellent gear overlap and event scale that perfectly matches Eric's A1 and RF coordination expertise, making them a top-tier fre",""
"HOT",95,"Chicago Audio Visual Production Services","","","production_co","new_prospect",https://www.onservices.com/locations/chicago-av-production.html,"ON Services is an excellent prospect for Eric, offering substantial opportunities for high-level A1 and RF coordination roles on large-scale corporate events, aligning perfectly with his skills, exper",""
"HOT",95,"Contact","","","production_co","new_prospect",https://mdmentertainment.com/contact/,"MDM Entertainment is a Chicago-based full-service production company with an excellent gear and work-type alignment, making them a hot prospect for Eric's A1 and RF coordination expertise.",""
"HOT",95,"Full-Service Festival & Touring Production","","","production_co","new_prospect",https://clearwing.com/production-festivals-touring,"Clearwing is an excellent prospect for Eric, offering large-scale festival, touring, and corporate work that perfectly matches his A1 and RF coordination expertise with strong gear alignment, despite ",""
"HOT",95,"Corporate & Event Production Chicago","","","production_co","new_prospect",https://midwestav.com/production/,"Midwest AV is an excellent potential freelance client for Eric, offering a strong geographic fit, event scale, and work-type alignment across corporate, concert, and RF coordination roles.",""
"HOT",95,"Chicago AV Rental","","","venue","new_prospect",https://www.cti.com/chicago-live-events/,"CTI (Creative Technology International) is a global leader in AV production with a strong Chicago presence, making them an excellent fit for Eric's high-level A1 and RF coordination expertise on large",""
"HOT",95,"Professional Sound, Lighting & Video Equipment Rental ...","","","av_rental","new_prospect",http://www.rlcsound.com/,"RLC Sound, Lighting & Video is an excellent prospect for Eric due to significant overlap in high-end gear, large-scale event types (corporate, concerts, festivals), and a strong need for his specializ",""
"HOT",92,"Frost Chicago","","","av_rental","new_prospect",https://www.frostchicago.com/,"Frost Chicago is a high-end, Chicago-based AV production company that is an excellent fit for Eric's A1 and RF coordination expertise on large-scale corporate and event productions, with strong potent",""
"HOT",92,"KLA Chicago","","","production_co","new_prospect",https://klachicago.com/,"KLA Chicago is an excellent new prospect, aligning perfectly with Eric's A1 and RF coordination expertise for high-stakes corporate AV events in his home market.",""
"HOT",92,"Sheraton Grand Chicago Riverwalk","","","venue","new_prospect",https://www.cvent.com/venues/chicago/hotel/sheraton-grand-chicago-riverwalk/venue-aa75771c-68ff-466b-a766-70d4c744acbe,"The Sheraton Grand Chicago Riverwalk is an ideal prospect for Eric, offering high-stakes corporate AV and multi-room hotel events perfectly aligned with his A1 and RF coordination expertise.",""
"HOT",90,"Chicago, IL: Audio Visual Labor & Crews","Chicago","IL","av_rental","new_prospect",https://www.avleads.com/services/chicago/,"This is an excellent prospect for Eric, as they are a Chicago-based AV labor staffing company explicitly seeking A1 Audio Engineers and RF Coordinators for a wide range of events, aligning perfectly w",""
"HOT",90,"Midwest AV: Audio Visual Services in Chicago","","","av_rental","new_prospect",https://midwestav.com/,"Midwest AV is an excellent prospect for Eric, offering a perfect alignment in service type (corporate, live events, rental), geographic location, and scale of work, with Eric's skills directly address",""
"HOT",90,"Event Technology & Audio Visual Rentals in Chicago","","","av_rental","new_prospect",https://thesmartsource.com/locations/chicago/,"The Smart Source is an excellent potential freelance client for Eric, offering a strong geographic fit, diverse work types (corporate, meetings, concerts/festivals), and a need for his high-level A1 a",""
"HOT",90,"Vantage Production Group","","","av_rental","new_prospect",https://vantagepg.com/,"Vantage Production Group is a full-service production company with excellent gear alignment and event scale/type matching Eric's A1 and RF coordination expertise, making them a strong freelance prospe",""
"HOT",90,"Chicago Audio Visual Services","","","production_co","new_prospect",https://alliantevents.com/av-chicago/,"Alliant Events (operating as Chicago Audio Visual Services) is a Chicago-based full-service production company with a strong focus on corporate events, making them an excellent match for Eric's high-l",""
"HOT",90,"Enhance Productions: Corporate Event Production Chicago","","","production_co","new_prospect",https://www.enhanceproductions.com/,"Enhance Productions is a Chicago-based corporate event production company whose scale and type of events are an excellent match for Eric's high-end corporate AV and RF coordination expertise.",""
"HOT",90,"#1 Event Production Company Chicago","","","production_co","new_prospect",https://www.absolutepros.com/,"This Chicago-based full-service production company is an excellent prospect for Eric, aligning perfectly with his high-level A1 and RF coordination expertise for corporate and large-scale events.",""
"HOT",90,"Event Production Company in Chicago, IL","Chicago","IL","production_co","new_prospect",https://ovationevents.com/event-production-company-chicago-il/,"Ovation Events is an excellent potential freelance client for Eric, offering local, high-caliber corporate AV work that perfectly aligns with his A1 and RF coordination expertise and experience with h",""
"HOT",90,"Hyatt Regency Chicago Regency Ballroom AV Services","","","venue","new_prospect",https://www.peakt.com/venues/hyatt-regency-chicago---regency-ballroom,"This is an excellent local prospect for Eric, offering consistent corporate AV work at a major Chicago hotel, aligning perfectly with his A1 and RF coordination expertise.",""
"HOT",90,"Audio Visual Event Needs","","","venue","new_prospect",https://www.palmerhousehiltonhotel.com/meetings-events/tools/services/audiovisual/,"This is an excellent prospect for Eric, offering local, high-end corporate AV and RF coordination work at a major Chicago hotel, perfectly aligning with his A1 expertise and client-facing skills.",""
"HOT",90,"Corporate Event Production","","","production_co","new_prospect",https://www.themusictrust.com/event-production,"Excellent local prospect for A1 and RF Coordinator roles, aligning perfectly with Eric's diverse experience in corporate and concert/festival production.",""
"HOT",90,"m2eventsgroup.com","","","production_co","new_prospect",https://m2eventsgroup.com/,"m2eventsgroup is a Chicago-based production company specializing in corporate events, presenting an excellent geographic and work-type match for Eric's high-level A1 and RF coordination expertise, esp",""
"HOT",90,"Pinnacle Live at Omni Chicago Hotel","","","venue","new_prospect",https://www.pinnaclelive.com/locations/omni-chicago-hotel/venue-information,"Pinnacle Live at Omni Chicago Hotel is an excellent prospect, offering local, high-end corporate AV work that directly leverages Eric's A1 and RF coordination expertise in complex multi-room hotel env",""
"WARM",88,"Audio Visual Services","","","venue","new_prospect",https://www.hiltonchicagomeetings.com/tools/services/audio-visual-services/,"An excellent fit for Eric's high-level corporate AV and specialized RF coordination expertise, particularly given his experience managing complex multi-room hotel deployments and high-stakes events.",""
"WARM",85,"Event & Meeting Spaces","","","venue","new_prospect",https://www.marriott.com/en-us/hotels/chidt-chicago-marriott-downtown-magnificent-mile/events/,"Excellent fit for corporate AV and multi-room RF coordination in Eric's home city, likely through existing production company relationships or as a direct specialized hire.",""
"WARM",85,"Event Production","","","production_co","new_prospect",https://www.ldsystems.com/sound-lighting-video-event-production-services/event-production/,"LD Systems is an excellent technical and experience match for Eric's high-level A1 and RF coordination skills, especially for national travel gigs, despite their Houston base.",""
"WARM",85,"Top 80 Live Events Production Companies in Chicago","","","production_co","new_prospect",https://clutch.co/agencies/video-production/live-event/chicago?page=2,"This list of Chicago-based live event production companies is a highly relevant source for freelance A1 and RF Coordinator opportunities, offering strong geographic and work-type alignment, though ind",""
"WARM",80,"Chicago's Top Audio Visual Company","","","av_rental","new_prospect",https://avchicago.com/,"A promising new prospect for freelance A1 and RF Coordinator work in Eric's home market, likely offering relevant event scales and requiring his high-level expertise, despite a lack of specific compan",""
"WARM",80,"Chicago Corporate AV and Event Production","","","production_co","new_prospect",https://meetingtomorrow.com/chicago/event-productions/,"A strong prospect for Eric, offering local Chicago corporate AV work and potential national travel, leveraging his A1 mixing, advanced RF coordination, and high-stakes corporate experience, though the",""
"WARM",75,"Concert/Sound Production Services","","","production_co","new_prospect",https://vantagepg.com/concert-sound-production-services/,"Vantage Point Global is a full-service national production company based in Orlando, FL, making them a strong fit for Eric's high-level A1 and RF coordination skills for travel-based corporate and lar",""
"WARM",75,"Downtown Chicago Event Space","","","venue","new_prospect",https://thewithotel.com/meetings-and-events/,"This downtown Chicago hotel venue is an excellent geographic fit for Eric's high-end corporate AV and RF coordination skills, despite its smaller event scale compared to his largest gigs, offering val",""
"WARM",75,"Event Technician, Audio Visual","","","venue","new_prospect",https://jobs.encoreglobal.com/en/job/rosemont/event-technician-audio-visual-loews-chicago-o-hare/6228/90968731936,"Excellent geographic fit and strong alignment with Eric's A1 and RF coordination skills for corporate AV, but the specific "Event Technician" role may be too generalist for his specialization. Worth p",""
"WARM",70,"Midwest Sound & Lighting","","","av_rental","new_prospect",https://mwsound.com/,"A regional AV rental company in Bloomington, IL, offering a strong work-type fit for Eric's A1 and RF coordination skills, but requires further investigation into their specific event scale and gear i",""
"WARM",70,"Sight & Sound Productions, Inc.","","","av_rental","new_prospect",https://sightandsoundproductionsinc.com/,"Sight & Sound Productions is an excellent technical and work-type fit for Eric's A1 and RF coordination skills, but their Jacksonville, FL location will likely limit the frequency of freelance opportu",""
"WARM",70,"Corporate Event AV","","","production_co","new_prospect",https://mdmentertainment.com/corporate-event-production-services/corporate-event-av/,"A local Chicago-area production company with a strong corporate AV focus that aligns well with Eric's experience, particularly his high-stakes corporate and RF coordination expertise, though the typic",""
"WARM",70,"Sullivan Ballroom","","","venue","new_prospect",https://www.loewshotels.com/chicago-downtown/venues/sullivan-ballroom,"Excellent geographic and work-type fit for high-end corporate AV, with Eric's RF and high-stakes experience being highly valuable, though the presence of an in-house team might limit the volume of fre",""
"WARM",65,"Chicago Audio Visual Rentals","","","av_rental","new_prospect",https://meetingtomorrow.com/chicago/audio-visual-rentals/,"Chicago Audio Visual Rentals is a local AV rental and event production company that hires A1s and claims to handle large-scale events, making them a potential freelance client. However, the lack of sp",""
"WARM",65,"Audio-Visual Equipment & Services","","","av_rental","new_prospect",https://meetings.uic.edu/services/av/,"A strong local prospect for occasional high-stakes university events, leveraging Eric's corporate AV and RF expertise, but potential scale and budget limitations might restrict the volume of top-tier ",""
"WARM",65,"AV LABOR & EVENT CREWS IN Chicago","","","av_rental","new_prospect",https://livetenmedia.com/chicago-1,"A local Chicago AV labor provider that could offer freelance opportunities, but the lack of information makes it difficult to assess if they consistently staff high-level A1 roles commensurate with Er",""
"WARM",65,"Audio Technicians / Audio Engineer / A1 / A2 in Chicago, ...","","","venue","new_prospect",https://www.productionhub.com/directory/profiles/audio-technicians/us/illinois/chicago,"This is a generic ProductionHub listing for an AV rental company in Chicago. While the *type* of company aligns perfectly with Eric's A1 and RF skills, the complete lack of specific company informatio",""
"WARM",60,"Chicago Audio & Lighting","","","av_rental","new_prospect",https://achicagoavrentals.com/,"A local Chicago AV rental company with good console and general work type fit, but their listed gear suggests a smaller event scale than Eric's primary A1 and RF coordination expertise.",""
"COLD",35,"Audio Visual AV Rentals in Chicago","","","av_rental","new_prospect",https://allproaudiovisual.com/chicago-audio-visual-rentals/,"This company is a Chicago-based AV rental/production house with a general service offering, but the lack of information on their typical event scale and specific high-end gear makes it a speculative f",""
"COLD",35,"Paradise Productions: Audio Visual Production Company","","","av_rental","new_prospect",https://paradiseproductionskc.com/,"Paradise Productions is an AV rental company whose scale and gear inventory are unknown, making it a speculative fit for an A1 of Eric's high caliber, despite the general work type alignment.",""
"COLD",35,"Audio Visual Equipment Rental in Chicago","","","av_rental","new_prospect",https://rentforevent.com/chicago/,"A local Chicago AV rental company with no disclosed scale or gear, making it uncertain if they consistently offer suitable high-level A1 or RF coordination work for Eric's expertise.",""
"COLD",30,"Content and Live Event Production Exclusive to our Clients","","","production_co","new_prospect",https://thearborychicago.com/production-services,"The Arbory is a Chicago-based venue with in-house AV, but its event scale is significantly smaller than Eric's typical work, making it an unlikely primary client for leveraging his top-tier skills.",""
"COLD",25,"Staff","","","venue","new_prospect",https://www.wolfperformingartscenter.org/staff,"This performing arts center is geographically distant and likely too small in scale and event type to be a suitable freelance client for Eric's high-level A1 and RF coordination skills.",""
"COLD",20,"Top Sounds in Chicago, IL","Chicago","IL","av_rental","new_prospect",https://www.sharegrid.com/chicago/crews/sounds?page=1,"This prospect is likely too small and lacks sufficient information to be a viable client for an A1 of Eric's caliber, despite the excellent geographic fit.",""
"COLD",20,"artistic, administrative, & production staff","","","venue","new_prospect",https://americanbluestheater.com/staff/,"This is a local theater company whose scale and work type are a poor match for Eric's high-level A1 and RF coordination expertise, and likely cannot meet his income expectations.",""
"COLD",15,"Chicago Audio Rentals: Speaker Rentals & Outdoor Movie ...","","","av_rental","new_prospect",https://chicagoaudiorentals.com/,"This company appears to be a local, small-scale AV rental house specializing in basic speaker rentals and outdoor movies, which is a poor fit for Eric's high-end A1 and RF coordination expertise.",""
"COLD",15,"Speaker & Subwoofer Rentals","","","av_rental","new_prospect",https://www.gearclubdirect.com/pages/rentals/speaker-subwoofer-rentals.html?srsltid=AfmBOoqMmgafw6VSDOFMTwmfjchmP10SNnblmYJEbDIucX-yU1y1AKzC,"This company is a small-scale equipment rental shop in Chicago, offering gear far below Eric's A1 caliber and unlikely to provide any work requiring his advanced skills or experience.",""
"COLD",15,"Corporate Events","","","production_co","new_prospect",https://www.mmsproaudio.com/corporate-events,"Due to the severe lack of information regarding the company's location, scale, and gear, it's impossible to properly evaluate "Corporate Events" as a suitable prospect, despite the potential work-type",""
"COLD",15,"Audio visual equipment rentals Chicago IL, Where to rent ...","","","av_rental","new_prospect",https://www.houseofrental.com/category/rentals/audio-visual-equipment/4,"This is likely a general rental house with a scale and gear inventory far below Eric's A1 expertise, offering work that would be a significant step down and unlikely to meet his compensation expectati",""
"COLD",15,"Affordable Sound & Speaker Rentals In Chicago, IL","In Chicago","IL","av_rental","new_prospect",https://312ent.com/sound-speaker-rentals/,"This local Chicago AV rental company primarily serves small to medium-sized events, making it a poor fit for Eric's high-caliber A1 and RF coordination expertise and expected compensation.",""
"COLD",15,"Stephan Moore","","","venue","new_prospect",https://communication.northwestern.edu/faculty/stephan-moore.html,"This is a poor fit due to a significant mismatch in event scale and work type, as Stephan Moore is an individual academic/artist whose projects are unlikely to require Eric's A1/RF coordinator experti",""
"COLD",15,"Music","","","venue","new_prospect",https://directory.colum.edu/departments/22,"This is a university music department, a poor fit for Eric's large-scale A1/RF coordinator expertise and compensation expectations; unlikely to provide regular or suitable work.",""
"COLD",10,"Audio Visual Services / AV / Live Event Crew in Chicago, ...","","","av_rental","new_prospect",https://www.productionhub.com/directory/profiles/audio-visual-services-av-live-event-crew/us/illinois/chicago,"This prospect is highly speculative due to a completely blank ProductionHub profile; there is no information to suggest they operate at a scale requiring Eric's expertise.",""
"COLD",10,"Pegasus Entertainment","","","av_rental","new_prospect",https://www.pegasusentertainment.com/,"Due to a complete lack of information regarding Pegasus Entertainment's location, scale, and specific services, it is impossible to determine if they are a viable client for an A1 of Eric's caliber.",""
"COLD",10,"MMS Productions & Pro Audio","","","av_rental","new_prospect",https://www.mmsproaudio.com/,"Due to a complete lack of information regarding location, scale, and gear, it is impossible to assess if MMS Productions & Pro Audio is a suitable client for an A1 of Eric's caliber.",""
"COLD",10,"Audio Supervisor","","","venue","new_prospect",https://jobs.leagueofchicagotheatres.org/job/fine-arts-building-chicago-full-time-audio-supervisor/,"This lead is for a full-time employee position, not a freelance client, making it a poor fit for the evaluation task of identifying freelance opportunities.",""
"COLD",5,"Live Sound in Chicago","","","production_co","new_prospect",https://soundbetter.com/s/live-sound/chicago-il-usa,"This prospect is likely a very small-scale operation or individual found on a studio-focused platform, making them a significant mismatch for Eric's high-level A1 and RF coordination expertise.",""
"COLD",5,"Chicago Audio Visual Equipment Rentals","","","av_rental","new_prospect",https://www.chicagopartyplace.com/category/audio_visual/,"This company is a basic party rental service with minimal AV offerings, operating at a scale far too small and with gear too basic to be a viable client for an experienced A1 like Eric.",""
"COLD",5,"Audio Visual Services / AV / Live Event Crew","","","production_co","new_prospect",https://www.productionhub.com/directory/profiles/audio-visual-services-av-live-event-crew,"This company appears to be a generic, unestablished directory listing with no specific location, clients, or gear, making it an extremely poor fit for an A1 of Eric's caliber.",""
"SKIP",0,"Event AV Production Services","","","production_co","new_prospect",https://hrpchicago.com/event-av-production-services/,"This prospect appears to be a division or service offering of HRP Chicago, with whom Eric Weiss already has an established and ongoing freelance relationship.",""
"COLD",0,"Venue Series Part 2","","","venue","new_prospect",https://corporate-av.com/blog/venue-series-part-2-hotels/,"This "company" is a blog post about hotels as venues, not a hiring entity, and therefore cannot be a freelance client.",""
"COLD",0,"Top 20 AV & Technology Companies In Chicago","","","production_co","new_prospect",https://www.partyslate.com/find-vendors/event-av-and-technology/area/chicago,"This entry is a list of companies, not a single production company. It cannot be evaluated as a direct freelance client for Eric.",""
"COLD",0,"Lamar Farr","","","venue","new_prospect",https://theatre.illinois.edu/people/alumni/meet-alumni/lamar-farr/,"This entry appears to be an individual's alumni profile, not a company or venue, and therefore is not a viable prospect for freelance audio engineering work.",""
"COLD",0,"CCPA Faculty List","","","venue","new_prospect",https://www.roosevelt.edu/colleges/ccpa/ccpa-faculty-list,"This entry is a faculty list page, not a hiring entity. It is not a viable prospect for freelance audio engineering work.",""
"",0,"POSITION DESCRIPTION: AUDIO ENGINEER","","","venue","new_prospect",https://weillcenter.com/assets/Uploads/Audio-Engineer-Position-2025.pdf,"",""
"COLD",0,"Colin Lenehan","","","venue","new_prospect",https://www.backstage.com/u/colin-lenehan/,"This entry appears to be an individual's talent profile, not a company or venue that hires A1 audio engineers. It is not a viable lead.",""
"COLD",0,"Top Providers For Annual Conference Production In The ...","","","production_co","new_prospect",https://www.corporateoptics.com/blog/providers-annual-conference-production-midwest,"This entry is a blog post, not a production company, and therefore cannot be evaluated as a potential client.",""
